id;name;date_of_birth;address_1;address_2;city;state;postal_code
1;mobile Fish;2019-05-19T00:10:45;Savings Account Dam;Practical Fresh Pants;Bryonchester;Movies Producer;83244
2;red Chips Soap;2019-05-19T11:35:23;Albania web-readiness;Namibia;North Alycia;Coordinator;23277
3;Licensed Savings Account;2019-05-19T09:42:45;Planner Canyon;Credit Card Account Table Small Frozen Sausages;MacGyverfort;access Intelligent;68423
4;infomediaries;2019-05-19T15:57:45;Buckinghamshire Games;incentivize Tuna copy;South Cordell;Georgia Industrial;84228
5;Views e-enable Communications;2019-05-19T01:26:14;archive Georgia Aruba;software scale interactive;McGlynnborough;mission-critical Faroe Islands Plastic;80219
6;Small;2019-05-18T19:12:23;index orange;Jewelery;New Merlechester;quantify Unbranded Plastic Tuna Frozen;86310
7;Investment Account archive Fantastic Plastic Chicken;2019-05-19T11:05:14;pixel withdrawal;Mississippi embrace Developer;Rowechester;Robust Networked;4043
8;system Small;2019-05-19T08:20:51;red;withdrawal knowledge base Buckinghamshire;Connellyberg;relationships override;22879
9;Generic neutral Salad;2019-05-18T20:34:44;virtual deposit;Squares mint green e-business;Lindborough;Fresh granular Direct;27213
10;withdrawal;2019-05-19T18:52:44;cutting-edge ability Hat;supply-chains magenta;East Eugeneberg;Gloves sky blue Oklahoma;40383
